Rk,Player,Pos,Age,Tm,G,GS,MP,FG,FGA,FG%,3P,3PA,3P%,2P,2PA,2P%,eFG%,FT,FTA,FT%,ORB,DRB,TRB,AST,STL,BLK,TOV,PF,PTS▼
1,Russell Westbrook\westbru01,PG,28,OKC,81,81,34.6,10.2,24.0,.425,2.5,7.2,.343,7.7,16.8,.459,.476,8.8,10.4,.845,1.7,9.0,10.7,10.4,1.6,0.4,5.4,2.3,31.6
2,James Harden\hardeja01,PG,27,HOU,81,81,36.4,8.3,18.9,.440,3.2,9.3,.347,5.1,9.6,.530,.525,9.2,10.9,.847,1.2,7.0,8.1,11.2,1.5,0.5,5.7,2.7,29.1
3,Isaiah Thomas\thomais02,PG,27,BOS,76,76,33.8,9.0,19.4,.463,3.2,8.5,.379,5.8,10.9,.528,.546,7.8,8.5,.909,0.6,2.1,2.7,5.9,0.9,0.2,2.8,2.2,28.9
4,Anthony Davis\davisan02,C,23,NOP,75,75,36.1,10.3,20.3,.505,0.5,1.8,.299,9.7,18.6,.524,.518,6.9,8.6,.802,2.3,9.5,11.8,2.1,1.3,2.2,2.4,2.2,28.0
5,DeMar DeRozan\derozde01,SG,27,TOR,74,74,35.4,9.7,20.9,.467,0.4,1.7,.266,9.3,19.2,.484,.477,7.4,8.7,.842,0.9,4.3,5.2,3.9,1.1,0.2,2.4,1.8,27.3
6,DeMarcus Cousins\couside01,C,26,TOT,72,72,34.2,9.0,19.9,.452,1.8,5.0,.361,7.2,14.8,.483,.498,7.2,9.3,.772,2.1,8.9,11.0,4.6,1.4,1.3,3.7,3.9,27.0
7,Damian Lillard\lillada01,PG,26,POR,75,75,35.9,8.8,19.8,.444,2.9,7.7,.370,6.0,12.1,.492,.516,6.5,7.3,.895,0.6,4.3,4.9,5.9,0.9,0.3,2.6,2.0,27.0
8,LeBron James\jamesle01,SF,32,CLE,74,74,37.8,9.9,18.2,.548,1.7,4.6,.363,8.3,13.5,.611,.594,4.8,7.2,.674,1.3,7.3,8.6,8.7,1.2,0.6,4.1,1.8,26.4
9,Kawhi Leonard\leonaka01,SF,25,SAS,74,74,33.4,8.6,17.7,.485,2.0,5.2,.380,6.6,12.5,.529,.541,6.3,7.2,.880,1.1,4.7,5.8,3.5,1.8,0.7,2.1,1.6,25.5
10,Stephen Curry\curryst01,PG,28,GSW,79,79,33.4,8.5,18.3,.468,4.1,10.0,.411,4.4,8.3,.537,.580,4.1,4.6,.898,0.8,3.7,4.5,6.6,1.8,0.2,3.0,2.3,25.3
11,Kyrie Irving\irvinky01,PG,24,CLE,72,72,35.1,9.3,19.7,.473,2.5,6.1,.401,6.9,13.6,.505,.535,4.1,4.6,.905,0.7,2.5,3.2,5.8,1.2,0.3,2.5,2.2,25.2
12,Kevin Durant\duranke01,PF,28,GSW,62,62,33.4,8.9,16.5,.537,1.9,5.0,.375,7.0,11.5,.608,.594,5.4,6.2,.875,0.6,7.6,8.3,4.8,1.1,1.6,2.2,1.9,25.1
13,Karl-Anthony Towns\townska01,C,21,MIN,82,82,37.0,9.8,18.0,.542,1.2,3.4,.367,8.5,14.7,.582,.576,4.3,5.2,.832,3.6,8.7,12.3,2.7,0.7,1.3,2.6,2.9,25.1
14,Jimmy Butler\butleji01,SF,27,CHI,76,75,37.0,7.5,16.5,.455,1.2,3.3,.367,6.3,13.2,.477,.492,7.7,8.9,.865,1.7,4.5,6.2,5.5,1.9,0.4,2.1,1.5,23.9
15,Paul George\georgpa01,SF,26,IND,75,75,35.9,8.3,18.0,.461,2.6,6.6,.393,5.7,11.4,.501,.534,4.5,5.0,.898,0.8,5.8,6.6,3.3,1.6,0.4,2.9,2.7,23.7
16,Andrew Wiggins\wiggian01,SF,21,MIN,82,82,37.2,8.6,19.1,.452,1.3,3.5,.356,7.4,15.6,.473,.484,5.0,6.6,.760,1.2,2.8,4.0,2.3,1.0,0.4,2.3,2.2,23.6
17,Kemba Walker\walkeke02,PG,26,CHO,79,79,34.7,8.1,18.3,.444,3.0,7.6,.399,5.1,10.7,.476,.527,3.8,4.5,.847,0.6,3.3,3.9,5.5,1.1,0.3,2.1,1.5,23.2
18,Bradley Beal\bealbr01,SG,23,WAS,77,77,34.9,8.3,17.2,.482,2.9,7.2,.404,5.4,10.0,.538,.566,3.7,4.4,.825,0.7,2.4,3.1,3.5,1.1,0.3,2.0,2.2,23.1
19,John Wall\walljo01,PG,26,WAS,78,78,36.4,8.3,18.4,.451,1.1,3.5,.327,7.2,14.9,.480,.482,5.4,6.8,.801,0.8,3.4,4.2,10.7,2.0,0.6,4.1,1.9,23.1
20,CJ McCollum\mccolcj01,SG,25,POR,80,80,35.0,8.7,18.0,.480,2.3,5.5,.421,6.3,12.5,.506,.544,3.4,3.7,.912,0.8,2.9,3.6,3.6,0.9,0.5,2.2,2.5,23.0
21,Giannis Antetokounmpo\antetgi01,SF,22,MIL,80,80,35.6,8.2,15.7,.521,0.6,2.3,.272,7.6,13.5,.563,.541,5.9,7.7,.770,1.8,7.0,8.8,5.4,1.6,1.9,2.9,3.1,22.9
22,Carmelo Anthony\anthoca01,SF,32,NYK,74,74,34.3,8.1,18.8,.433,2.0,5.7,.359,6.1,13.1,.466,.488,4.1,4.9,.833,0.8,5.1,5.9,2.9,0.8,0.5,2.1,2.7,22.4
23,Kyle Lowry\lowryky01,PG,30,TOR,60,60,37.4,7.1,15.3,.464,3.2,7.8,.412,3.9,7.5,.518,.569,5.0,6.1,.819,0.8,4.0,4.8,7.0,1.5,0.3,2.9,2.8,22.4
24,Klay Thompson\thompkl01,SG,26,GSW,78,78,34.0,8.3,17.6,.468,3.4,8.3,.414,4.8,9.3,.516,.565,2.4,2.8,.853,0.6,3.0,3.7,2.1,0.8,0.5,1.6,1.8,22.3
25,Devin Booker\bookede01,SG,20,PHO,78,78,35.0,7.8,18.3,.423,1.9,5.2,.363,5.9,13.2,.447,.475,4.7,5.7,.832,0.6,2.6,3.2,3.4,0.9,0.3,3.1,3.1,22.1
26,Gordon Hayward\haywago01,SF,26,UTA,73,73,34.5,7.5,15.8,.471,2.0,5.1,.398,5.4,10.7,.506,.536,5.0,5.9,.844,0.7,4.7,5.4,3.5,1.0,0.3,1.9,1.6,21.9
27,Blake Griffin\griffbl01,PF,27,LAC,61,61,34.0,7.9,15.9,.493,0.6,1.9,.336,7.2,14.1,.514,.513,5.2,6.9,.760,1.8,6.3,8.1,4.9,0.9,0.4,2.3,2.6,21.6
28,Eric Bledsoe\bledser01,PG,27,PHO,66,66,33.0,6.8,15.7,.434,1.6,4.7,.335,5.2,11.0,.477,.485,5.9,6.9,.847,0.8,4.1,4.8,6.3,1.4,0.5,3.4,2.5,21.1
29,Mike Conley\conlemi01,PG,29,MEM,69,68,33.2,6.7,14.6,.460,2.5,6.1,.408,4.2,8.6,.497,.545,4.6,5.3,.859,0.4,3.0,3.5,6.3,1.3,0.3,2.3,1.8,20.5
30,Brook Lopez\lopezbr01,C,28,BRK,75,75,29.6,7.4,15.6,.474,1.8,5.2,.346,5.6,10.5,.536,.531,3.9,4.9,.810,1.6,3.8,5.4,2.3,0.5,1.7,2.5,2.6,20.5
31,Goran Dragić\dragigo01,PG,30,MIA,73,73,33.7,7.3,15.4,.475,1.6,4.0,.405,5.7,11.4,.499,.527,4.1,5.2,.790,0.8,3.0,3.8,5.8,1.2,0.2,2.9,2.7,20.3
32,Marc Gasol\gasolma01,C,32,MEM,74,74,34.2,7.2,15.7,.459,1.4,3.6,.388,5.8,12.1,.480,.503,3.8,4.5,.837,0.8,5.5,6.3,4.6,0.9,1.3,2.2,2.3,19.5
33,Harrison Barnes\barneha02,PF,24,DAL,79,79,35.5,7.6,16.2,.468,1.0,2.8,.351,6.6,13.4,.492,.498,3.1,3.6,.861,1.2,3.8,5.0,1.5,0.8,0.2,1.3,1.6,19.2
34,Kevin Love\loveke01,PF,28,CLE,60,60,31.4,6.2,14.5,.427,2.4,6.5,.373,3.8,8.0,.471,.510,4.3,4.9,.871,2.5,8.6,11.1,1.9,0.9,0.4,2.0,2.1,19.0
35,Dwyane Wade\wadedw01,SG,35,CHI,60,59,29.9,6.9,15.9,.434,0.8,2.4,.310,6.2,13.5,.456,.457,3.7,4.7,.794,1.1,3.5,4.5,3.8,1.4,0.7,2.3,1.9,18.3
36,Danilo Gallinari\gallida01,SF,28,DEN,63,63,33.9,5.3,11.9,.447,2.0,5.1,.389,3.3,6.8,.491,.531,5.5,6.1,.902,0.6,4.5,5.2,2.1,0.6,0.2,1.3,1.5,18.2
37,Paul Millsap\millspa01,PF,31,ATL,69,67,34.0,6.2,14.1,.442,1.1,3.5,.311,5.1,10.6,.486,.481,4.5,5.9,.768,1.6,6.1,7.7,3.7,1.3,0.9,2.3,2.7,18.1
38,Chris Paul\paulch01,PG,31,LAC,61,61,31.5,6.1,12.9,.476,2.0,5.0,.411,4.1,7.9,.518,.555,3.8,4.3,.892,0.7,4.3,5.0,9.2,2.0,0.1,2.4,2.4,18.1
39,Kristaps Porziņģis\porzikr01,PF,21,NYK,66,65,32.8,6.7,14.9,.450,1.7,4.8,.357,5.0,10.2,.493,.507,3.0,3.8,.786,1.7,5.5,7.2,1.5,0.7,2.0,1.8,3.7,18.1
40,Derrick Rose\rosede01,PG,28,NYK,64,64,32.5,7.2,15.3,.471,0.2,0.9,.217,7.0,14.3,.487,.477,3.5,4.0,.874,1.0,2.8,3.8,4.4,0.7,0.3,2.3,1.3,18.0
41,Dennis Schröder\schrode01,PG,23,ATL,79,78,31.5,6.9,15.4,.451,1.3,3.7,.340,5.7,11.6,.487,.493,2.8,3.2,.855,0.5,2.6,3.1,6.3,0.9,0.2,3.3,1.9,17.9
42,Lou Williams\willilo02,SG,30,TOT,81,1,24.6,5.3,12.3,.429,2.0,5.5,.365,3.3,6.8,.480,.511,5.0,5.6,.880,0.3,2.2,2.5,3.0,1.0,0.2,2.0,1.1,17.5
43,LaMarcus Aldridge\aldrila01,PF,31,SAS,72,72,32.4,6.9,14.6,.477,0.3,0.8,.411,6.6,13.8,.480,.488,3.1,3.8,.812,2.4,4.9,7.3,1.9,0.6,1.2,1.4,2.2,17.3
44,Evan Fournier\fournev01,SG,24,ORL,68,66,32.9,6.0,13.7,.439,1.9,5.3,.356,4.1,8.4,.491,.508,3.3,4.1,.805,0.6,2.4,3.1,3.0,1.0,0.1,2.1,2.6,17.2
45,Hassan Whiteside\whiteha01,C,27,MIA,77,77,32.6,7.0,12.6,.557,0.0,0.0,,7.0,12.6,.557,.557,2.9,4.6,.628,3.8,10.3,14.1,0.7,0.7,2.1,2.0,2.9,17.0
46,Nikola Jokić\jokicni01,C,21,DEN,73,59,27.9,6.8,11.7,.578,0.6,1.9,.324,6.2,9.8,.628,.605,2.6,3.1,.825,2.9,6.9,9.8,4.9,0.8,0.8,2.3,2.9,16.7
47,Eric Gordon\gordoer01,SG,28,HOU,75,15,31.0,5.5,13.5,.406,3.3,8.8,.372,2.2,4.7,.468,.527,2.0,2.3,.840,0.4,2.3,2.7,2.5,0.6,0.5,1.6,2.0,16.2
48,Tobias Harris\harrito02,PF,24,DET,82,48,31.3,6.2,13.0,.481,1.3,3.8,.347,4.9,9.1,.537,.532,2.3,2.8,.841,0.8,4.3,5.1,1.7,0.7,0.5,1.2,1.6,16.1
49,Victor Oladipo\oladivi01,SG,24,OKC,67,67,33.2,6.1,13.9,.442,1.9,5.3,.361,4.3,8.7,.491,.510,1.7,2.3,.753,0.6,3.8,4.3,2.6,1.2,0.3,1.8,2.3,15.9
50,Wilson Chandler\chandwi01,SF,29,DEN,71,33,30.9,6.1,13.2,.461,1.5,4.6,.337,4.5,8.6,.527,.520,2.0,2.7,.727,1.5,5.0,6.5,2.0,0.7,0.4,1.6,2.4,15.7
51,D'Angelo Russell\russeda01,PG,20,LAL,63,60,28.7,5.6,13.8,.405,2.1,6.1,.352,3.4,7.7,.447,.483,2.3,3.0,.782,0.5,3.0,3.5,4.8,1.4,0.3,2.8,2.1,15.6
52,Jrue Holiday\holidjr01,PG,26,NOP,67,61,32.7,6.0,13.3,.454,1.5,4.2,.356,4.6,9.1,.498,.510,1.8,2.5,.708,0.7,3.3,3.9,7.3,1.5,0.7,2.9,2.0,15.4
53,Jeff Teague\teaguje01,PG,28,IND,82,82,32.4,4.9,11.1,.442,1.1,3.1,.357,3.8,8.0,.475,.492,4.4,5.1,.867,0.4,3.6,4.0,7.8,1.2,0.4,2.6,2.0,15.3
54,Nicolas Batum\batumni01,SG,28,CHO,77,77,34.0,5.1,12.7,.403,1.8,5.3,.333,3.4,7.4,.453,.472,3.2,3.7,.856,0.6,5.6,6.2,5.9,1.1,0.4,2.5,1.4,15.1
55,J.J. Redick\redicjj01,SG,32,LAC,78,78,28.2,5.1,11.4,.445,2.6,6.0,.429,2.5,5.4,.462,.558,2.3,2.6,.891,0.1,2.1,2.2,1.4,0.7,0.2,1.3,1.6,15.0
56,Serge Ibaka\ibakase01,PF,27,TOT,79,79,30.7,6.0,12.4,.480,1.6,4.0,.391,4.4,8.4,.522,.543,1.4,1.6,.856,1.6,5.2,6.8,0.9,0.5,1.6,1.3,2.7,14.8
57,Jordan Clarkson\clarkjo01,SG,24,LAL,82,19,29.2,5.8,13.1,.445,1.4,4.3,.329,4.4,8.7,.503,.500,1.6,2.0,.798,0.6,2.4,3.0,2.6,1.1,0.1,2.0,1.8,14.7
58,Nikola Vučević\vucevni01,C,26,ORL,75,55,28.8,6.4,13.7,.468,0.3,1.0,.307,6.1,12.7,.481,.480,1.4,2.1,.669,2.3,8.0,10.4,2.8,1.0,1.0,1.6,2.4,14.6
59,Tim Hardaway\hardati02,SG,24,ATL,79,30,27.3,5.3,11.5,.455,1.9,5.3,.357,3.4,6.3,.537,.537,2.1,2.7,.766,0.4,2.4,2.8,2.3,0.7,0.2,1.3,1.3,14.5
60,Myles Turner\turnemy01,C,20,IND,81,81,31.4,5.5,10.7,.511,0.5,1.4,.348,5.0,9.3,.536,.534,3.0,3.7,.809,1.7,5.6,7.3,1.3,0.9,2.1,1.3,3.2,14.5
61,T.J. Warren\warretj01,SF,23,PHO,66,59,31.0,6.1,12.3,.495,0.4,1.5,.265,5.7,10.8,.527,.511,1.8,2.3,.773,1.9,3.2,5.1,1.1,1.2,0.6,0.9,2.7,14.4
62,Enes Kanter\kanteen01,C,24,OKC,72,0,21.3,5.6,10.2,.545,0.1,0.5,.132,5.5,9.7,.568,.549,3.1,4.0,.786,2.7,4.0,6.7,0.9,0.4,0.5,1.7,2.1,14.3
63,Zach Randolph\randoza01,PF,35,MEM,73,5,24.5,5.9,13.2,.449,0.3,1.3,.223,5.6,11.9,.474,.460,1.9,2.6,.731,2.5,5.7,8.2,1.7,0.5,0.1,1.4,1.9,14.1
64,Rudy Gobert\goberru01,C,24,UTA,81,81,33.9,5.1,7.7,.661,0.0,0.0,.000,5.1,7.7,.662,.661,3.8,5.9,.653,3.9,8.9,12.8,1.2,0.6,2.6,1.8,3.0,14.0
65,Al Horford\horfoal01,C,30,BOS,68,68,32.3,5.6,11.8,.473,1.3,3.6,.355,4.3,8.2,.524,.527,1.6,2.0,.800,1.4,5.4,6.8,5.0,0.8,1.3,1.7,2.0,14.0
66,Marcus Morris\morrima03,SF,27,DET,79,79,32.5,5.3,12.7,.418,1.5,4.5,.331,3.8,8.2,.466,.477,1.8,2.3,.784,1.0,3.7,4.6,2.0,0.7,0.3,1.1,2.1,14.0
67,Markieff Morris\morrima02,PF,27,WAS,76,76,31.2,5.3,11.7,.457,0.9,2.6,.362,4.4,9.1,.483,.497,2.4,2.8,.837,1.4,5.1,6.5,1.7,1.1,0.6,1.7,3.3,14.0
68,Jae Crowder\crowdja01,SF,26,BOS,72,72,32.4,4.6,10.0,.463,2.2,5.5,.398,2.4,4.5,.540,.572,2.4,3.0,.811,0.7,5.1,5.8,2.2,1.0,0.3,1.1,2.2,13.9
69,Kentavious Caldwell-Pope\caldwke01,SG,23,DET,76,75,33.3,4.9,12.2,.399,2.0,5.8,.350,2.9,6.5,.442,.481,2.0,2.4,.832,0.7,2.5,3.3,2.5,1.2,0.2,1.1,1.6,13.8
70,Will Barton\bartowi01,SG,26,DEN,60,19,28.4,4.9,11.1,.443,1.5,3.9,.370,3.5,7.2,.483,.508,2.4,3.2,.753,1.0,3.4,4.3,3.4,0.8,0.5,1.6,1.8,13.7
71,Bojan Bogdanović\bogdabo02,SF,27,TOT,81,54,25.7,4.6,10.4,.445,1.8,4.8,.367,2.9,5.6,.512,.530,2.7,3.0,.893,0.5,3.0,3.4,1.4,0.4,0.1,1.6,1.8,13.7
72,Tyler Johnson\johnsty01,PG,24,MIA,73,0,29.8,4.9,11.3,.433,1.3,3.4,.372,3.6,7.9,.460,.490,2.7,3.5,.768,0.7,3.3,4.0,3.2,1.2,0.6,1.2,2.4,13.7
73,Ryan Anderson\anderry01,PF,28,HOU,72,72,29.4,4.5,10.7,.418,2.8,7.0,.403,1.7,3.7,.446,.550,1.8,2.1,.860,1.6,3.0,4.6,0.9,0.4,0.2,0.8,2.0,13.6
74,Andre Drummond\drumman01,C,23,DET,81,81,29.7,6.0,11.2,.530,0.0,0.1,.286,5.9,11.2,.532,.531,1.7,4.4,.386,4.3,9.5,13.8,1.1,1.5,1.1,1.9,2.9,13.6
75,Dwight Howard\howardw01,C,31,ATL,74,74,29.7,5.2,8.3,.633,0.0,0.0,.000,5.2,8.3,.635,.633,3.1,5.7,.533,4.0,8.7,12.7,1.4,0.9,1.2,2.3,2.7,13.5
76,Wesley Matthews\matthwe02,SG,30,DAL,73,73,34.2,4.6,11.6,.393,2.4,6.6,.363,2.2,5.0,.432,.496,2.0,2.5,.816,0.2,3.3,3.5,2.9,1.1,0.2,1.4,2.2,13.5
77,Otto Porter\porteot01,SF,23,WAS,80,80,32.6,5.2,10.0,.516,1.9,4.3,.434,3.3,5.8,.576,.608,1.2,1.5,.832,1.5,5.0,6.4,1.5,1.5,0.5,0.6,2.4,13.4
78,Darren Collison\collida01,PG,29,SAC,68,64,30.3,5.0,10.5,.476,1.1,2.6,.417,3.9,7.9,.495,.527,2.2,2.5,.860,0.3,1.9,2.2,4.6,1.0,0.1,1.7,1.8,13.2
79,Julius Randle\randlju01,PF,22,LAL,74,73,28.8,5.1,10.4,.488,0.2,0.9,.270,4.9,9.6,.507,.499,2.8,3.8,.723,2.0,6.6,8.6,3.6,0.7,0.5,2.3,3.4,13.2
80,Nick Young\youngni01,SG,31,LAL,60,60,25.9,4.5,10.6,.430,2.8,7.0,.404,1.7,3.5,.481,.564,1.3,1.5,.856,0.4,1.9,2.3,1.0,0.6,0.2,0.6,2.3,13.2
81,Ersan İlyasova\ilyaser01,PF,29,TOT,82,52,26.1,4.7,10.9,.431,1.7,4.9,.353,3.0,6.0,.496,.511,2.0,2.5,.778,1.4,4.5,5.9,1.7,0.7,0.3,1.4,2.6,13.1
82,Sean Kilpatrick\kilpase01,SG,27,BRK,70,24,25.1,4.4,10.5,.415,1.5,4.4,.341,2.9,6.1,.468,.486,2.9,3.5,.843,0.3,3.7,4.0,2.2,0.6,0.1,1.9,1.7,13.1
83,Robert Covington\covinro01,SF,26,PHI,67,67,31.6,4.4,10.9,.399,2.0,6.1,.333,2.3,4.8,.484,.492,2.1,2.6,.822,1.4,5.1,6.5,1.5,1.9,1.0,2.0,3.0,12.9
84,Seth Curry\curryse01,PG,26,DAL,70,42,29.0,4.8,10.0,.481,2.0,4.6,.425,2.9,5.4,.528,.578,1.2,1.4,.850,0.4,2.2,2.6,2.7,1.1,0.1,1.3,1.8,12.8
85,James Johnson\johnsja01,PF,29,MIA,76,5,27.4,4.8,10.1,.479,1.1,3.4,.340,3.7,6.8,.548,.535,2.0,2.8,.707,0.9,4.1,4.9,3.6,1.0,1.1,2.3,2.6,12.8
86,Elfrid Payton\paytoel01,PG,22,ORL,82,58,29.4,5.2,11.1,.471,0.5,1.8,.274,4.8,9.3,.509,.493,1.8,2.6,.692,1.1,3.6,4.7,6.5,1.1,0.5,2.2,2.2,12.8
87,Dario Šarić\saricda01,PF,22,PHI,81,36,26.3,4.7,11.4,.411,1.3,4.2,.311,3.4,7.2,.469,.468,2.1,2.7,.782,1.4,5.0,6.3,2.2,0.7,0.4,2.3,2.0,12.8
88,Aaron Gordon\gordoaa01,SF,21,ORL,80,72,28.7,4.9,10.8,.454,1.0,3.3,.288,4.0,7.5,.528,.499,2.0,2.7,.719,1.5,3.6,5.1,1.9,0.8,0.5,1.1,2.2,12.7
89,Rodney Hood\hoodro01,SG,24,UTA,59,55,27.0,4.6,11.3,.408,1.9,5.2,.371,2.7,6.1,.440,.494,1.5,1.9,.783,0.3,3.2,3.4,1.6,0.6,0.2,1.1,2.2,12.7
90,DeAndre Jordan\jordade01,C,28,LAC,81,81,31.7,5.1,7.1,.714,0.0,0.0,.000,5.1,7.1,.717,.714,2.5,5.2,.482,3.7,10.1,13.8,1.2,0.6,1.7,1.4,2.6,12.7
91,Clint Capela\capelca01,C,22,HOU,65,59,23.9,5.6,8.7,.643,0.0,0.0,,5.6,8.7,.643,.643,1.4,2.7,.531,2.7,5.4,8.1,1.0,0.5,1.2,1.3,2.8,12.6
92,Pau Gasol\gasolpa01,C,36,SAS,64,39,25.4,4.7,9.4,.502,0.9,1.6,.538,3.9,7.8,.494,.548,2.0,2.9,.707,1.7,6.2,7.8,2.3,0.4,1.1,1.3,1.7,12.4
93,Jamal Crawford\crawfja01,SG,36,LAC,82,1,26.3,4.4,10.6,.413,1.4,3.9,.360,3.0,6.7,.443,.479,2.1,2.5,.857,0.2,1.4,1.6,2.6,0.7,0.2,1.6,1.4,12.3
94,Austin Rivers\riverau01,SG,24,LAC,74,29,27.8,4.4,9.9,.442,1.5,4.0,.371,2.9,5.8,.491,.518,1.8,2.6,.691,0.3,1.9,2.2,2.8,0.6,0.1,1.6,2.5,12.0
95,Jonas Valančiūnas\valanjo01,C,24,TOR,80,80,25.8,4.9,8.8,.557,0.0,0.0,.500,4.9,8.8,.557,.558,2.2,2.7,.811,2.8,6.7,9.5,0.7,0.5,0.8,1.3,2.7,12.0
96,Trevor Ariza\arizatr01,SF,31,HOU,80,80,34.7,4.1,10.0,.409,2.4,6.9,.344,1.7,3.0,.556,.528,1.2,1.6,.738,0.7,5.1,5.7,2.2,1.8,0.3,0.9,1.7,11.7
97,Frank Kaminsky\kaminfr01,C,23,CHO,75,16,26.1,4.3,10.7,.399,1.5,4.7,.328,2.7,6.0,.455,.471,1.6,2.1,.756,0.8,3.7,4.5,2.2,0.6,0.5,1.0,1.9,11.7
98,Greg Monroe\monrogr01,C,26,MIL,81,0,22.5,4.8,9.0,.533,0.0,0.0,.000,4.8,8.9,.536,.533,2.2,3.0,.741,2.1,4.5,6.6,2.3,1.1,0.5,1.7,2.1,11.7
99,Steven Adams\adamsst01,C,23,OKC,80,80,29.9,4.7,8.2,.571,0.0,0.0,.000,4.7,8.2,.572,.571,2.0,3.2,.611,3.5,4.2,7.7,1.1,1.1,1.0,1.8,2.4,11.3
100,Marvin Williams\willima02,PF,30,CHO,76,76,30.2,3.9,9.3,.422,1.6,4.7,.350,2.3,4.6,.494,.510,1.7,2.0,.873,1.2,5.4,6.6,1.4,0.8,0.7,0.8,1.8,11.2
101,Ricky Rubio\rubiori01,PG,26,MIN,75,75,32.9,3.5,8.7,.402,0.8,2.6,.306,2.7,6.1,.443,.448,3.4,3.8,.891,0.9,3.2,4.1,9.1,1.7,0.1,2.6,2.7,11.1
102,Kent Bazemore\bazemke01,SF,27,ATL,73,64,26.9,4.0,9.9,.409,1.3,3.6,.346,2.8,6.2,.446,.473,1.6,2.3,.708,0.6,2.5,3.2,2.4,1.2,0.7,1.7,2.3,11.0
103,Terrence Ross\rosste01,SF,25,TOT,78,24,25.1,4.2,9.6,.437,1.8,5.0,.363,2.4,4.6,.518,.532,0.8,1.0,.831,0.2,2.4,2.6,1.1,1.1,0.4,0.9,1.8,11.0
104,Deron Williams\willide01,PG,32,TOT,64,44,25.9,4.1,9.4,.438,1.3,3.7,.363,2.8,5.7,.486,.509,1.4,1.7,.826,0.2,2.1,2.3,5.6,0.5,0.1,2.2,2.2,11.0
105,Thaddeus Young\youngth01,PF,28,IND,74,74,30.2,4.9,9.3,.527,0.6,1.6,.381,4.3,7.7,.557,.560,0.6,1.2,.523,1.8,4.3,6.1,1.6,1.5,0.4,1.3,1.8,11.0
106,Taj Gibson\gibsota01,PF,31,TOT,78,71,25.5,4.7,9.1,.515,0.0,0.2,.231,4.6,8.9,.520,.517,1.4,2.0,.715,2.0,4.2,6.2,0.9,0.5,0.8,1.3,2.1,10.8
107,Marcin Gortat\gortama01,C,32,WAS,82,82,31.2,4.8,8.2,.579,0.0,0.0,.000,4.8,8.2,.580,.579,1.3,1.9,.648,2.9,7.5,10.4,1.5,0.5,0.7,1.5,2.6,10.8
108,Courtney Lee\leeco01,SG,31,NYK,77,74,31.9,4.2,9.1,.456,1.4,3.5,.401,2.8,5.6,.490,.533,1.1,1.3,.867,0.7,2.7,3.4,2.3,1.1,0.3,0.9,1.8,10.8
109,Allen Crabbe\crabbal01,SG,24,POR,79,7,28.5,3.8,8.2,.468,1.7,3.8,.444,2.1,4.4,.490,.572,1.3,1.6,.847,0.2,2.6,2.9,1.2,0.7,0.3,0.8,2.2,10.7
110,C.J. Miles\milescj01,SF,29,IND,76,29,23.4,3.7,8.5,.434,2.2,5.4,.413,1.5,3.1,.471,.565,1.1,1.2,.903,0.4,2.6,3.0,0.6,0.6,0.3,0.5,2.0,10.7
111,Buddy Hield\hieldbu01,SG,24,TOT,82,55,23.0,4.0,9.4,.426,1.8,4.6,.391,2.2,4.7,.461,.523,0.8,0.9,.842,0.4,2.9,3.3,1.5,0.5,0.1,1.2,1.4,10.6
112,Nikola Mirotić\mirotni01,PF,25,CHI,70,15,24.0,3.7,8.9,.413,1.8,5.4,.342,1.8,3.5,.520,.516,1.4,1.8,.773,0.9,4.6,5.5,1.1,0.8,0.8,1.1,1.8,10.6
113,Marcus Smart\smartma01,SG,22,BOS,79,24,30.4,3.4,9.5,.359,1.2,4.2,.283,2.2,5.3,.420,.422,2.6,3.2,.812,1.0,2.9,3.9,4.6,1.6,0.4,2.0,2.4,10.6
114,Marco Belinelli\belinma01,SG,30,CHO,74,0,24.0,3.6,8.3,.429,1.4,3.8,.360,2.2,4.5,.488,.512,2.0,2.3,.893,0.2,2.2,2.4,2.0,0.6,0.1,0.9,1.2,10.5
115,Wayne Ellington\ellinwa01,SG,29,MIA,62,13,24.2,3.7,9.0,.416,2.4,6.4,.378,1.3,2.6,.509,.550,0.6,0.7,.860,0.3,1.8,2.1,1.1,0.6,0.1,0.5,1.1,10.5
116,Robin Lopez\lopezro01,C,28,CHI,81,81,28.0,4.7,9.6,.493,0.0,0.0,.000,4.7,9.5,.494,.493,0.9,1.3,.721,3.0,3.4,6.4,1.0,0.2,1.4,1.1,1.9,10.4
117,Mason Plumlee\plumlma01,C,26,TOT,81,64,26.5,4.1,7.7,.536,0.0,0.1,.000,4.1,7.6,.541,.536,2.1,3.7,.580,2.1,5.4,7.5,3.5,0.9,1.1,1.7,2.8,10.4
118,Cody Zeller\zelleco01,C,24,CHO,62,58,27.8,4.1,7.1,.571,0.0,0.0,.000,4.1,7.1,.572,.571,2.1,3.2,.679,2.2,4.4,6.5,1.6,1.0,0.9,1.0,3.0,10.3
119,Malcolm Brogdon\brogdma01,SG,24,MIL,75,28,26.4,3.9,8.5,.457,1.0,2.6,.404,2.8,5.9,.480,.518,1.5,1.7,.865,0.6,2.2,2.8,4.2,1.1,0.2,1.5,1.9,10.2
120,Draymond Green\greendr01,PF,26,GSW,76,76,32.5,3.6,8.6,.418,1.1,3.5,.308,2.5,5.1,.494,.481,2.0,2.8,.709,1.3,6.6,7.9,7.0,2.0,1.4,2.4,2.9,10.2
121,Jon Leuer\leuerjo01,PF,27,DET,75,34,25.9,4.1,8.6,.480,0.7,2.2,.293,3.5,6.4,.545,.518,1.3,1.5,.867,1.4,4.0,5.4,1.5,0.4,0.3,0.9,1.9,10.2
122,Jusuf Nurkić\nurkiju01,C,22,TOT,65,48,21.4,4.2,8.2,.507,0.0,0.0,.000,4.2,8.2,.508,.507,1.8,3.2,.571,2.4,4.8,7.2,1.9,0.8,1.1,2.2,2.5,10.2
123,Kyle Korver\korveky01,SG,35,TOT,67,22,26.2,3.6,7.7,.464,2.4,5.4,.451,1.1,2.3,.494,.621,0.6,0.6,.905,0.1,2.7,2.8,1.6,0.5,0.3,1.0,1.6,10.1
124,Tony Parker\parketo01,PG,34,SAS,63,63,25.2,4.2,9.0,.466,0.4,1.1,.333,3.8,7.9,.484,.486,1.3,1.9,.726,0.1,1.7,1.8,4.5,0.5,0.0,1.4,1.5,10.1
125,Trevor Booker\booketr01,PF,29,BRK,71,43,24.7,4.3,8.3,.516,0.4,1.1,.321,3.9,7.2,.546,.537,1.0,1.5,.673,2.0,6.0,8.0,1.9,1.1,0.4,1.8,2.1,10.0
126,Gorgui Dieng\dienggo01,PF,27,MIN,82,82,32.4,4.0,8.1,.502,0.2,0.5,.372,3.9,7.5,.511,.514,1.7,2.0,.814,2.3,5.6,7.9,1.9,1.1,1.2,1.3,3.1,10.0
127,Maurice Harkless\harklma01,SF,23,POR,77,69,28.9,4.1,8.1,.503,0.9,2.5,.351,3.2,5.6,.572,.558,1.0,1.6,.621,1.6,2.8,4.4,1.1,1.1,0.9,1.1,2.8,10.0
128,Ty Lawson\lawsoty01,PG,29,SAC,69,24,25.1,3.4,7.6,.454,0.5,1.7,.288,2.9,5.9,.502,.487,2.5,3.1,.797,0.6,2.0,2.6,4.8,1.1,0.1,1.9,1.7,9.9
129,Shabazz Muhammad\muhamsh01,SF,24,MIN,78,1,19.4,3.7,7.7,.482,0.6,1.9,.338,3.1,5.8,.528,.523,1.9,2.4,.774,1.1,1.7,2.8,0.4,0.3,0.1,0.7,1.1,9.9
130,Jamal Murray\murraja01,SG,19,DEN,82,10,21.5,3.6,8.9,.404,1.4,4.2,.334,2.2,4.7,.466,.483,1.3,1.5,.883,0.5,2.1,2.6,2.1,0.6,0.3,1.4,1.5,9.9
131,Jeremy Lamb\lambje01,SG,24,CHO,62,5,18.4,3.6,7.9,.460,0.7,2.4,.281,3.0,5.6,.536,.502,1.8,2.1,.853,0.5,3.8,4.3,1.2,0.4,0.4,0.6,1.6,9.7
132,Kenneth Faried\farieke01,PF,27,DEN,61,34,21.2,3.7,6.8,.548,0.0,0.1,.000,3.7,6.7,.556,.548,2.1,3.1,.693,3.0,4.6,7.6,0.9,0.7,0.7,1.0,2.0,9.6
133,E'Twaun Moore\mooreet01,SG,27,NOP,73,22,24.9,3.9,8.5,.457,1.1,2.8,.370,2.8,5.6,.501,.519,0.8,1.0,.770,0.5,1.6,2.1,2.2,0.7,0.4,0.8,1.8,9.6
134,Patrick Beverley\beverpa01,SG,28,HOU,67,67,30.7,3.4,8.1,.420,1.6,4.3,.382,1.8,3.8,.463,.521,1.1,1.4,.768,1.4,4.4,5.9,4.2,1.5,0.4,1.5,3.3,9.5
135,Patty Mills\millspa02,PG,28,SAS,80,8,21.9,3.4,7.8,.440,1.8,4.4,.414,1.6,3.3,.474,.558,0.8,1.0,.825,0.3,1.5,1.8,3.5,0.8,0.0,1.3,1.4,9.5
136,Nik Stauskas\stausni01,SG,23,PHI,80,27,27.4,3.1,7.9,.396,1.7,4.5,.368,1.5,3.4,.433,.500,1.5,1.9,.813,0.3,2.6,2.8,2.4,0.6,0.4,1.6,1.8,9.5
137,Brandon Ingram\ingrabr01,SF,19,LAL,79,40,28.8,3.5,8.7,.402,0.7,2.4,.294,2.8,6.3,.443,.442,1.7,2.7,.621,0.8,3.2,4.0,2.1,0.6,0.5,1.5,2.0,9.4
138,Ish Smith\smithis01,PG,28,DET,81,32,24.1,4.1,9.2,.439,0.3,1.3,.267,3.7,8.0,.467,.458,0.9,1.3,.706,0.3,2.6,2.9,5.2,0.8,0.4,1.4,1.6,9.4
139,Cory Joseph\josepco01,PG,25,TOR,80,22,25.0,3.7,8.3,.452,0.6,1.7,.356,3.1,6.6,.477,.489,1.2,1.5,.770,0.6,2.3,2.9,3.3,0.8,0.2,1.4,1.8,9.3
140,Marquese Chriss\chrisma01,PF,19,PHO,82,75,21.3,3.5,7.7,.449,0.9,2.7,.321,2.6,5.0,.520,.506,1.4,2.2,.624,1.2,3.1,4.2,0.7,0.8,0.9,1.3,3.2,9.2
141,Jeff Green\greenje02,PF,30,ORL,69,11,22.2,3.2,8.1,.394,0.8,2.8,.275,2.4,5.3,.458,.442,2.1,2.4,.863,0.6,2.5,3.1,1.2,0.5,0.2,1.1,1.5,9.2
142,Gerald Henderson\hendege02,SG,29,PHI,72,41,23.2,3.3,7.7,.423,0.8,2.4,.353,2.4,5.3,.455,.478,1.8,2.3,.806,0.5,2.1,2.6,1.6,0.6,0.2,0.9,1.8,9.2
143,Joe Johnson\johnsjo02,SF,35,UTA,78,14,23.6,3.5,8.0,.436,1.4,3.3,.411,2.1,4.7,.454,.521,0.8,1.0,.818,0.4,2.7,3.1,1.8,0.5,0.2,0.9,1.2,9.2
144,Michael Kidd-Gilchrist\kiddgmi01,SF,23,CHO,81,81,29.0,3.6,7.6,.477,0.0,0.1,.111,3.6,7.5,.483,.478,1.9,2.4,.784,1.9,5.0,7.0,1.4,1.0,1.0,0.7,2.3,9.2
145,Jameer Nelson\nelsoja01,PG,34,DEN,75,39,27.3,3.6,8.1,.444,1.4,3.6,.388,2.2,4.4,.489,.531,0.6,0.8,.714,0.4,2.2,2.6,5.1,0.7,0.1,1.7,2.6,9.2
146,Tony Allen\allento01,SG,35,MEM,71,66,27.0,3.9,8.4,.461,0.2,0.8,.278,3.6,7.6,.479,.473,1.1,1.8,.615,2.3,3.2,5.5,1.4,1.6,0.4,1.4,2.5,9.1
147,Channing Frye\fryech01,C,33,CLE,74,15,18.9,3.2,7.0,.458,1.9,4.5,.409,1.4,2.5,.546,.589,0.9,1.0,.851,0.5,3.4,3.9,0.6,0.4,0.5,0.7,1.9,9.1
148,Montrezl Harrell\harremo01,C,23,HOU,58,14,18.3,3.9,5.9,.652,0.0,0.1,.143,3.9,5.8,.663,.654,1.3,2.1,.628,1.4,2.4,3.8,1.1,0.3,0.7,0.8,2.2,9.1
149,Nenê Hilário\hilarne01,C,34,HOU,67,8,17.9,3.7,5.9,.617,0.0,0.1,.333,3.6,5.8,.624,.621,1.7,2.9,.589,1.4,2.8,4.2,1.0,0.8,0.6,1.1,2.4,9.1
150,Doug McDermott\mcderdo01,SF,25,TOT,66,5,22.8,3.4,7.5,.447,1.2,3.2,.370,2.2,4.4,.502,.524,1.1,1.3,.845,0.3,2.4,2.7,0.9,0.2,0.1,0.6,1.2,9.0
151,Kelly Olynyk\olynyke01,C,25,BOS,75,6,20.5,3.5,6.8,.512,0.9,2.6,.354,2.6,4.2,.608,.579,1.2,1.6,.732,1.0,3.8,4.8,2.0,0.6,0.4,1.3,2.8,9.0
152,Evan Turner\turneev01,SF,28,POR,65,12,25.5,3.6,8.5,.426,0.5,1.8,.263,3.1,6.7,.470,.454,1.3,1.6,.825,0.6,3.2,3.8,3.2,0.8,0.4,1.5,1.9,9.0
153,DeMarre Carroll\carrode01,SF,30,TOR,72,72,26.1,3.1,7.6,.400,1.5,4.4,.341,1.5,3.2,.483,.499,1.2,1.6,.761,0.9,2.9,3.8,1.0,1.1,0.4,0.8,2.0,8.9
154,JaMychal Green\greenja01,PF,26,MEM,77,75,27.3,3.2,6.5,.500,0.7,1.9,.379,2.5,4.6,.549,.555,1.7,2.2,.802,2.2,4.9,7.1,1.1,0.6,0.4,1.2,3.2,8.9
155,Al-Farouq Aminu\aminual01,PF,26,POR,61,25,29.1,3.0,7.6,.393,1.1,3.5,.330,1.9,4.2,.445,.468,1.6,2.2,.706,1.3,6.1,7.4,1.6,1.0,0.7,1.5,1.7,8.7
156,Rondae Hollis-Jefferson\holliro01,SF,22,BRK,78,50,22.6,3.0,6.9,.434,0.2,0.9,.224,2.8,6.1,.463,.447,2.4,3.2,.751,1.2,4.6,5.8,2.0,1.1,0.6,1.5,2.3,8.7
157,Marreese Speights\speigma01,C,29,LAC,82,2,15.7,3.0,6.7,.445,1.3,3.4,.372,1.7,3.3,.520,.539,1.5,1.7,.876,1.1,3.5,4.5,0.8,0.3,0.5,0.8,2.8,8.7
158,Monta Ellis\ellismo01,SG,31,IND,74,33,27.0,3.3,7.5,.443,0.6,1.8,.319,2.8,5.7,.483,.482,1.3,1.7,.727,0.3,2.5,2.8,3.2,1.1,0.4,1.8,2.0,8.5
159,Tony Snell\snellto01,SG,25,MIL,80,80,29.2,3.1,6.8,.455,1.8,4.4,.406,1.3,2.3,.548,.588,0.6,0.7,.810,0.3,2.8,3.1,1.2,0.7,0.2,0.7,1.6,8.5
160,Arron Afflalo\afflaar01,SG,31,SAC,61,45,25.9,3.0,6.9,.440,1.0,2.5,.411,2.0,4.4,.457,.514,1.4,1.5,.892,0.1,1.9,2.0,1.3,0.3,0.1,0.7,1.7,8.4
161,Norman Powell\powelno01,SG,23,TOR,76,18,18.0,3.0,6.7,.449,0.7,2.3,.324,2.3,4.4,.514,.504,1.7,2.1,.792,0.3,1.9,2.2,1.1,0.7,0.2,0.9,1.7,8.4
162,Troy Daniels\danietr01,SG,25,MEM,67,3,17.7,2.8,7.4,.374,2.1,5.3,.389,0.7,2.1,.336,.513,0.6,0.8,.796,0.3,1.2,1.5,0.7,0.3,0.1,0.7,1.3,8.2
163,Willy Hernangómez\hernawi01,C,22,NYK,72,22,18.4,3.4,6.5,.529,0.1,0.2,.267,3.4,6.3,.538,.533,1.3,1.7,.728,2.4,4.6,7.0,1.3,0.6,0.5,1.4,2.1,8.2
164,Willie Cauley-Stein\caulewi01,C,23,SAC,75,21,18.9,3.4,6.4,.530,0.0,0.0,.000,3.4,6.4,.532,.530,1.3,2.0,.669,1.1,3.4,4.5,1.1,0.7,0.6,0.9,2.0,8.1
165,Al Jefferson\jeffeal01,C,32,IND,66,1,14.1,3.6,7.1,.499,0.0,0.0,.000,3.6,7.1,.500,.499,1.0,1.3,.765,1.1,3.1,4.2,0.9,0.3,0.2,0.5,1.9,8.1
166,Ben McLemore\mclembe01,SG,23,SAC,61,26,19.3,3.0,6.9,.430,1.1,2.8,.382,1.9,4.1,.462,.507,1.1,1.5,.753,0.3,1.8,2.1,0.8,0.5,0.1,1.0,1.8,8.1
167,Tristan Thompson\thomptr01,C,25,CLE,78,78,29.9,3.4,5.6,.600,0.0,0.0,.000,3.4,5.6,.604,.600,1.4,2.7,.498,3.7,5.5,9.2,1.0,0.5,1.1,0.8,2.3,8.1
168,Vince Carter\cartevi01,SF,40,MEM,73,15,24.6,2.6,6.7,.394,1.5,4.1,.378,1.1,2.7,.418,.508,1.2,1.6,.765,0.5,2.6,3.1,1.8,0.8,0.5,0.7,2.2,8.0
169,Alex Len\lenal01,C,23,PHO,77,34,20.3,3.0,6.0,.497,0.0,0.2,.250,2.9,5.9,.503,.500,1.9,2.7,.721,2.0,4.6,6.6,0.6,0.5,1.3,1.3,3.1,8.0
170,D.J. Augustin\augusdj01,PG,29,ORL,78,20,19.7,2.5,6.6,.377,1.2,3.5,.347,1.3,3.1,.412,.469,1.7,2.1,.814,0.2,1.3,1.5,2.7,0.4,0.0,1.2,1.3,7.9
171,Langston Galloway\gallola01,PG,25,TOT,74,2,20.2,2.8,7.4,.380,1.6,4.2,.390,1.2,3.2,.367,.490,0.7,0.9,.797,0.4,1.7,2.1,1.3,0.6,0.1,0.6,1.3,7.9
172,Sergio Rodríguez\rodrise01,PG,30,PHI,68,30,22.3,3.1,7.9,.392,1.4,3.7,.365,1.7,4.2,.415,.478,0.3,0.4,.667,0.3,2.0,2.3,5.1,0.7,0.1,1.9,1.4,7.8
173,Rajon Rondo\rondora01,PG,30,CHI,69,42,26.7,3.3,8.1,.408,0.7,1.9,.376,2.6,6.2,.418,.453,0.4,0.7,.600,1.1,4.1,5.1,6.7,1.4,0.2,2.4,2.1,7.8
174,Garrett Temple\templga01,SG,30,SAC,65,21,26.6,2.8,6.6,.424,1.3,3.4,.373,1.6,3.3,.476,.519,0.9,1.1,.784,0.5,2.3,2.8,2.6,1.3,0.4,1.2,2.2,7.8
175,Justin Holiday\holidju01,SG,27,NYK,82,4,20.0,2.8,6.6,.433,1.2,3.3,.355,1.7,3.2,.513,.523,0.8,1.0,.825,0.3,2.4,2.7,1.2,0.8,0.4,0.8,1.3,7.7
176,Matthew Dellavedova\dellama01,PG,26,MIL,76,54,26.1,2.7,7.0,.390,1.0,2.8,.367,1.7,4.2,.404,.463,1.1,1.3,.854,0.3,1.6,1.9,4.7,0.7,0.0,1.8,2.0,7.6
177,Andre Iguodala\iguodan01,SF,33,GSW,76,0,26.3,2.9,5.5,.528,0.8,2.3,.362,2.0,3.1,.651,.605,0.9,1.3,.706,0.7,3.3,4.0,3.4,1.0,0.5,0.8,1.3,7.6
178,Manu Ginóbili\ginobma01,SG,39,SAS,69,0,18.7,2.5,6.4,.390,1.3,3.3,.392,1.2,3.1,.387,.491,1.2,1.6,.804,0.4,1.9,2.3,2.7,1.2,0.2,1.4,1.7,7.5
179,Iman Shumpert\shumpim01,SG,26,CLE,76,31,25.5,2.6,6.4,.411,1.2,3.4,.360,1.4,3.0,.469,.507,0.9,1.2,.789,0.5,2.4,2.9,1.4,0.8,0.4,1.0,2.0,7.5
180,Isaiah Whitehead\whiteis01,PG,21,BRK,73,26,22.5,2.8,7.0,.402,0.6,2.0,.295,2.2,4.9,.446,.445,1.2,1.5,.805,0.4,2.1,2.5,2.6,0.6,0.5,1.9,2.4,7.4
181,Spencer Dinwiddie\dinwisp01,PG,23,BRK,59,18,22.6,2.3,5.1,.444,0.6,1.7,.376,1.6,3.4,.478,.507,2.1,2.7,.792,0.5,2.3,2.8,3.1,0.7,0.4,1.1,2.0,7.3
182,Danny Green\greenda02,SG,29,SAS,68,68,26.6,2.6,6.6,.392,1.7,4.6,.379,0.9,2.0,.420,.523,0.4,0.5,.844,0.5,2.8,3.3,1.8,1.0,0.8,1.1,1.8,7.3
183,David Lee\leeda02,PF,33,SAS,79,10,18.7,3.1,5.3,.590,0.0,0.0,,3.1,5.3,.590,.590,1.0,1.4,.708,1.9,3.7,5.6,1.6,0.4,0.5,1.0,1.6,7.3
184,Tyler Ulis\ulisty01,PG,21,PHO,61,15,18.4,3.0,7.2,.421,0.3,1.3,.266,2.7,5.9,.455,.445,0.9,1.2,.775,0.3,1.2,1.6,3.7,0.8,0.1,1.3,1.2,7.3
185,Thabo Sefolosha\sefolth01,SF,32,ATL,62,42,25.7,2.8,6.4,.441,0.7,1.9,.342,2.1,4.4,.484,.492,0.9,1.2,.733,0.9,3.5,4.4,1.7,1.5,0.5,0.9,1.6,7.2
186,Justin Anderson\anderju01,SF,23,TOT,75,10,16.4,2.5,5.9,.424,0.8,2.6,.299,1.7,3.3,.522,.490,1.4,1.7,.791,0.9,2.3,3.3,0.9,0.5,0.3,0.9,1.5,7.1
187,Matt Barnes\barnema02,SF,36,TOT,74,18,24.0,2.5,6.4,.391,1.2,3.6,.331,1.3,2.8,.467,.483,0.9,1.2,.787,0.9,4.2,5.2,2.6,0.6,0.4,1.4,2.5,7.1
188,Tim Frazier\fraziti01,PG,26,NOP,65,35,23.5,2.5,6.2,.403,0.6,2.0,.313,1.9,4.2,.446,.453,1.5,2.0,.760,0.5,2.1,2.7,5.2,0.9,0.1,1.6,2.0,7.1
189,Joe Ingles\inglejo01,SF,29,UTA,82,26,24.0,2.5,5.5,.452,1.5,3.4,.441,1.0,2.1,.471,.589,0.6,0.8,.735,0.3,2.9,3.2,2.7,1.2,0.1,1.3,2.0,7.1
190,Brandon Jennings\jennibr01,PG,27,TOT,81,13,22.2,2.4,6.6,.359,1.0,3.1,.313,1.4,3.5,.399,.433,1.4,1.9,.750,0.4,2.1,2.4,4.9,0.9,0.0,1.6,1.4,7.1
191,Larry Nance\nancela02,PF,24,LAL,63,7,22.9,3.0,5.7,.526,0.2,0.6,.278,2.9,5.2,.554,.540,0.9,1.3,.738,1.9,4.0,5.9,1.5,1.3,0.6,0.9,2.4,7.1
192,Anthony Tolliver\tollian01,PF,31,SAC,65,9,22.7,2.4,5.4,.442,1.4,3.5,.391,1.0,1.9,.537,.570,0.9,1.3,.744,0.8,2.9,3.6,1.2,0.5,0.3,0.9,1.7,7.1
193,Solomon Hill\hillso01,SF,25,NOP,80,71,29.7,2.3,6.0,.383,1.2,3.4,.348,1.1,2.6,.428,.481,1.3,1.6,.805,0.6,3.2,3.8,1.8,0.9,0.4,1.0,2.3,7.0
194,Justin Hamilton\hamilju01,C,26,BRK,64,7,18.4,2.7,5.9,.459,0.9,2.8,.306,1.9,3.1,.598,.532,0.6,0.8,.750,1.1,3.0,4.1,0.9,0.5,0.7,0.7,1.4,6.9
195,T.J. McConnell\mccontj01,PG,24,PHI,81,51,26.3,2.9,6.3,.461,0.1,0.7,.200,2.8,5.6,.492,.472,0.9,1.1,.811,0.5,2.6,3.1,6.6,1.7,0.1,2.0,1.7,6.9
196,Ian Clark\clarkia01,SG,25,GSW,77,0,14.8,2.7,5.6,.487,0.8,2.1,.374,1.9,3.5,.556,.558,0.6,0.8,.759,0.3,1.3,1.6,1.2,0.5,0.1,0.7,1.0,6.8
197,Jared Dudley\dudleja01,PF,31,PHO,64,7,21.3,2.5,5.4,.454,1.2,3.2,.379,1.3,2.2,.559,.565,0.7,1.0,.662,0.5,3.0,3.5,1.9,0.7,0.3,1.1,2.4,6.8
198,John Henson\hensojo01,C,26,MIL,58,39,19.4,2.7,5.3,.515,0.0,0.0,.000,2.7,5.3,.516,.515,1.3,1.8,.692,1.6,3.5,5.1,1.0,0.5,1.3,0.9,2.6,6.8
199,Patrick Patterson\pattepa01,PF,27,TOR,65,8,24.6,2.4,5.9,.401,1.4,3.9,.372,0.9,2.0,.458,.523,0.7,0.9,.717,1.0,3.6,4.5,1.2,0.6,0.4,0.6,1.8,6.8
200,Bobby Portis\portibo01,PF,21,CHI,64,13,15.6,2.9,5.9,.488,0.5,1.5,.333,2.4,4.4,.541,.531,0.6,0.9,.661,1.2,3.5,4.6,0.5,0.3,0.2,0.6,1.5,6.8
201,James Ennis\ennisja01,SF,26,MEM,64,28,23.5,2.3,5.0,.455,0.8,2.1,.372,1.5,2.9,.516,.534,1.3,1.7,.782,1.1,3.0,4.0,1.0,0.7,0.3,0.9,2.6,6.7
202,Raymond Felton\feltora01,PG,32,LAC,80,11,21.3,2.8,6.4,.430,0.6,1.8,.319,2.2,4.6,.473,.475,0.6,0.8,.781,0.4,2.3,2.7,2.4,0.8,0.3,1.0,1.6,6.7
203,Devin Harris\harride01,PG,33,DAL,65,0,16.7,2.1,5.2,.399,0.9,2.7,.328,1.2,2.5,.476,.484,1.6,2.0,.829,0.2,1.8,2.0,2.1,0.7,0.1,0.9,1.6,6.7
204,Dwight Powell\poweldw01,C,25,DAL,77,3,17.3,2.5,4.9,.515,0.3,1.0,.284,2.2,3.9,.571,.542,1.4,1.8,.759,1.2,2.8,4.0,0.6,0.8,0.5,0.4,1.8,6.7
205,P.J. Tucker\tuckepj01,SF,31,TOT,81,21,27.6,2.5,6.0,.413,0.9,2.4,.357,1.6,3.5,.451,.485,0.9,1.1,.774,1.4,4.4,5.8,1.2,1.4,0.2,0.8,2.4,6.7
206,Jaylen Brown\brownja02,SF,20,BOS,78,20,17.2,2.5,5.4,.454,0.6,1.7,.341,1.9,3.7,.507,.508,1.1,1.6,.685,0.6,2.2,2.8,0.8,0.4,0.2,0.9,1.8,6.6
207,Dante Cunningham\cunnida01,PF,29,NOP,66,35,25.0,2.6,5.4,.485,1.1,2.7,.392,1.6,2.7,.579,.584,0.2,0.4,.593,0.8,3.3,4.2,0.6,0.6,0.4,0.4,1.5,6.6
208,Kosta Koufos\koufoko01,C,27,SAC,71,62,20.0,3.0,5.5,.551,0.0,0.0,.000,3.0,5.5,.552,.551,0.5,0.9,.613,1.7,4.0,5.7,0.7,0.5,0.7,0.9,2.4,6.6
209,Andre Roberson\roberan03,SF,25,OKC,79,79,30.1,2.7,5.9,.464,0.6,2.3,.245,2.2,3.5,.609,.513,0.6,1.4,.423,1.2,3.9,5.1,1.0,1.2,1.0,0.6,2.6,6.6
210,Sam Dekker\dekkesa01,PF,22,HOU,77,2,18.4,2.6,5.6,.473,0.8,2.4,.321,1.9,3.1,.591,.543,0.5,0.9,.559,1.2,2.5,3.7,1.0,0.5,0.3,0.5,1.1,6.5
211,Amir Johnson\johnsam01,PF,29,BOS,80,77,20.1,2.7,4.6,.576,0.3,0.8,.409,2.3,3.8,.612,.612,0.8,1.3,.670,1.5,3.1,4.6,1.8,0.6,0.8,1.0,2.6,6.5
212,Timothé Luwawu-Cabarrot\luwawti01,SF,21,PHI,69,19,17.2,2.1,5.2,.402,0.7,2.3,.311,1.4,2.9,.475,.471,1.5,1.8,.854,0.4,1.8,2.2,1.1,0.5,0.1,1.1,2.2,6.4
213,Rodney McGruder\mcgruro01,SG,25,MIA,78,65,25.2,2.4,5.9,.413,0.9,2.8,.332,1.5,3.1,.488,.492,0.6,0.9,.620,1.2,2.1,3.3,1.6,0.6,0.2,0.7,1.8,6.4
214,Mirza Teletović\teletmi01,PF,31,MIL,70,2,16.2,2.2,6.0,.373,1.5,4.4,.341,0.7,1.6,.460,.498,0.5,0.6,.778,0.2,2.2,2.3,0.7,0.2,0.2,0.5,1.6,6.4
215,Leandro Barbosa\barbole01,SG,34,PHO,67,0,14.4,2.6,5.9,.439,0.5,1.5,.357,2.0,4.4,.466,.483,0.6,0.7,.889,0.2,1.3,1.6,1.2,0.5,0.1,0.7,1.2,6.3
216,Mindaugas Kuzminskas\kuzmimi01,SF,27,NYK,68,5,14.9,2.3,5.4,.428,0.8,2.5,.321,1.5,3.0,.517,.501,0.8,1.0,.809,0.7,1.2,1.9,1.0,0.4,0.2,0.8,1.2,6.3
217,Kyle O'Quinn\oquinky01,C,26,NYK,79,8,15.6,2.7,5.2,.521,0.0,0.2,.118,2.7,5.0,.538,.523,0.8,1.1,.771,2.0,3.6,5.6,1.5,0.5,1.3,1.0,2.2,6.3
218,Kelly Oubre\oubreke01,SF,21,WAS,79,5,20.3,2.4,5.6,.421,0.7,2.4,.287,1.7,3.2,.520,.482,0.9,1.3,.758,0.8,2.5,3.3,0.6,0.7,0.2,0.6,2.5,6.3
219,Nemanja Bjelica\bjeline01,PF,28,MIN,65,1,18.3,2.3,5.5,.424,0.9,2.7,.316,1.5,2.8,.531,.503,0.7,0.9,.738,0.9,2.9,3.8,1.2,0.6,0.3,0.9,2.4,6.2
220,Dante Exum\exumda01,PG,21,UTA,66,26,18.6,2.3,5.5,.427,0.7,2.3,.295,1.7,3.2,.519,.488,0.9,1.1,.795,0.5,1.5,2.0,1.7,0.3,0.2,1.2,2.2,6.2
221,Trey Lyles\lylestr01,PF,21,UTA,71,4,16.3,2.2,6.2,.362,0.9,2.9,.319,1.3,3.3,.400,.436,0.8,1.1,.722,0.7,2.6,3.3,1.0,0.4,0.3,0.9,1.4,6.2
222,Mike Muscala\muscami01,C,25,ATL,70,3,17.7,2.4,4.8,.504,0.7,1.6,.418,1.8,3.2,.546,.573,0.7,0.9,.766,1.1,2.3,3.4,1.4,0.4,0.6,0.8,1.4,6.2
223,Jonathon Simmons\simmojo02,SG,27,SAS,78,8,17.8,2.3,5.4,.420,0.4,1.3,.294,1.9,4.1,.461,.456,1.3,1.7,.750,0.3,1.8,2.1,1.6,0.6,0.3,1.0,1.9,6.2
224,Luc Mbah a Moute\mbahalu01,SF,30,LAC,80,76,22.3,2.4,4.7,.505,0.5,1.4,.391,1.9,3.4,.552,.562,0.7,1.1,.678,0.6,1.6,2.1,0.5,1.0,0.4,0.6,1.5,6.1
225,JaVale McGee\mcgeeja01,C,29,GSW,77,10,9.6,2.7,4.1,.652,0.0,0.0,.000,2.7,4.1,.658,.652,0.7,1.4,.505,1.3,1.9,3.2,0.2,0.2,0.9,0.5,1.4,6.1
226,Zaza Pachulia\pachuza01,C,32,GSW,70,70,18.1,2.3,4.4,.534,0.0,0.0,.000,2.3,4.4,.538,.534,1.4,1.8,.778,2.0,3.9,5.9,1.9,0.8,0.5,1.2,2.4,6.1
227,Glenn Robinson\robingl02,SF,23,IND,69,27,20.7,2.3,4.9,.467,0.7,1.8,.392,1.6,3.1,.512,.540,0.8,1.1,.711,0.8,2.7,3.6,0.7,0.6,0.3,0.5,0.9,6.1
228,Álex Abrines\abrinal01,SG,23,OKC,68,6,15.5,2.0,5.0,.393,1.4,3.6,.381,0.6,1.4,.426,.531,0.6,0.7,.898,0.3,1.0,1.3,0.6,0.5,0.1,0.5,1.7,6.0
229,Bismack Biyombo\biyombi01,C,24,ORL,81,27,22.1,2.2,4.2,.528,0.0,0.0,,2.2,4.2,.528,.528,1.5,2.9,.534,1.9,5.1,7.0,0.9,0.3,1.1,1.2,2.5,6.0
230,Jerian Grant\grantje02,PG,24,CHI,63,28,16.3,2.0,4.8,.425,0.8,2.1,.366,1.3,2.7,.473,.507,1.0,1.2,.890,0.3,1.5,1.8,1.9,0.7,0.1,0.7,1.5,5.9
231,Andrew Harrison\harrian01,PG,22,MEM,72,18,20.5,1.6,5.0,.325,0.6,2.2,.276,1.0,2.8,.363,.385,2.1,2.7,.763,0.3,1.6,1.9,2.8,0.7,0.3,1.2,2.7,5.9
232,Domantas Sabonis\sabondo01,PF,20,OKC,81,66,20.1,2.4,5.9,.399,0.6,2.0,.321,1.7,4.0,.438,.452,0.5,0.8,.657,0.6,3.0,3.6,1.0,0.5,0.4,1.0,2.5,5.9
233,Tarik Black\blackta01,C,25,LAL,67,16,16.3,2.2,4.4,.510,0.0,0.0,.500,2.2,4.4,.510,.512,1.2,1.6,.752,2.1,3.0,5.1,0.6,0.4,0.7,0.9,2.6,5.7
234,Richard Jefferson\jefferi01,SF,36,CLE,79,13,20.4,1.9,4.3,.446,0.8,2.4,.333,1.2,2.0,.580,.536,1.0,1.4,.741,0.4,2.2,2.6,1.0,0.3,0.1,0.7,1.9,5.7
235,Jason Smith\smithja02,C,30,WAS,74,3,14.4,2.4,4.4,.529,0.5,1.1,.474,1.9,3.4,.546,.585,0.5,0.7,.686,0.9,2.6,3.5,0.5,0.3,0.7,0.8,2.3,5.7
236,Taurean Waller-Prince\princta02,SF,22,ATL,59,10,16.6,1.9,4.8,.400,0.6,1.7,.324,1.4,3.1,.443,.458,1.3,1.6,.787,0.4,2.2,2.7,0.9,0.7,0.5,1.0,1.6,5.7
237,Jerami Grant\grantje01,PF,22,TOT,80,4,19.1,1.9,4.1,.463,0.5,1.5,.371,1.4,2.7,.514,.529,1.1,1.8,.612,0.5,2.1,2.6,0.6,0.4,1.0,0.6,1.9,5.5
238,Terry Rozier\roziete01,PG,22,BOS,74,0,17.1,2.0,5.6,.367,0.8,2.4,.318,1.3,3.1,.405,.437,0.7,0.9,.773,0.5,2.5,3.1,1.8,0.6,0.1,0.6,0.9,5.5
239,Malcolm Delaney\delanma01,PG,27,ATL,73,2,17.1,2.0,5.3,.374,0.4,1.5,.236,1.6,3.8,.428,.407,1.0,1.3,.806,0.1,1.5,1.7,2.6,0.5,0.0,1.3,1.5,5.4
240,Joffrey Lauvergne\lauvejo01,PF-C,25,TOT,70,1,14.0,2.1,4.8,.440,0.5,1.4,.337,1.6,3.4,.483,.490,0.7,1.0,.630,1.0,2.6,3.6,1.0,0.4,0.1,0.8,1.2,5.4
241,Meyers Leonard\leoname01,PF,24,POR,74,12,16.5,2.0,5.1,.386,1.0,2.9,.347,1.0,2.2,.436,.484,0.5,0.5,.875,0.4,2.8,3.2,1.0,0.2,0.4,0.5,2.3,5.4
242,Willie Reed\reedwi02,C,26,MIA,71,5,14.5,2.3,4.0,.568,0.0,0.1,.250,2.3,4.0,.573,.570,0.7,1.2,.557,1.8,2.9,4.7,0.4,0.3,0.7,0.4,1.9,5.3
243,Randy Foye\foyera01,SG,33,BRK,69,40,18.6,1.7,4.7,.363,1.0,2.9,.330,0.7,1.8,.418,.466,0.8,0.9,.857,0.1,2.1,2.2,2.0,0.5,0.1,1.2,1.4,5.2
244,Dewayne Dedmon\dedmode01,C,27,SAS,76,37,17.5,2.1,3.4,.622,0.0,0.0,,2.1,3.4,.622,.622,0.9,1.2,.699,1.7,4.8,6.5,0.6,0.5,0.8,0.8,2.4,5.1
245,Shaun Livingston\livinsh01,PG,31,GSW,76,3,17.7,2.3,4.2,.547,0.0,0.0,.333,2.3,4.1,.550,.549,0.6,0.8,.700,0.4,1.6,2.0,1.8,0.5,0.3,0.8,1.6,5.1
246,Aaron Brooks\brookaa01,PG,32,IND,65,0,13.8,1.9,4.6,.403,0.7,2.0,.375,1.1,2.6,.424,.483,0.5,0.6,.800,0.3,0.8,1.1,1.9,0.4,0.1,1.0,1.4,5.0
247,Aron Baynes\baynear01,C,30,DET,75,2,15.5,1.9,3.7,.513,0.0,0.0,,1.9,3.7,.513,.513,1.1,1.3,.840,1.5,3.0,4.4,0.4,0.2,0.5,0.7,2.2,4.9
248,Juan Hernangómez\hernaju01,PF,21,DEN,62,9,13.6,1.6,3.6,.451,0.7,1.8,.407,0.9,1.8,.495,.554,0.9,1.2,.750,0.7,2.3,3.0,0.5,0.5,0.2,0.5,1.0,4.9
249,Mario Hezonja\hezonma01,SF,21,ORL,65,2,14.8,1.8,5.1,.355,0.7,2.2,.299,1.1,2.9,.398,.420,0.6,0.8,.800,0.3,1.9,2.2,1.0,0.5,0.2,0.9,1.1,4.9
250,Luke Babbitt\babbilu01,SF,27,MIA,68,55,15.7,1.7,4.1,.402,1.3,3.1,.414,0.4,1.0,.366,.557,0.2,0.2,.733,0.2,1.9,2.1,0.5,0.3,0.2,0.4,1.7,4.8
251,Cristiano Felício\feliccr01,C,24,CHI,66,0,15.8,1.9,3.3,.579,0.0,0.0,,1.9,3.3,.579,.579,0.9,1.4,.645,1.9,2.8,4.7,0.6,0.4,0.3,0.5,1.7,4.8
252,Boris Diaw\diawbo01,PF,34,UTA,73,33,17.6,2.0,4.5,.446,0.3,1.1,.247,1.7,3.4,.512,.477,0.4,0.5,.743,0.6,1.5,2.2,2.3,0.2,0.1,1.2,1.1,4.6
253,David West\westda01,C,36,GSW,68,0,12.6,2.0,3.7,.536,0.0,0.1,.375,1.9,3.6,.541,.542,0.6,0.8,.768,0.7,2.3,3.0,2.2,0.6,0.7,1.1,1.5,4.6
254,Dāvis Bertāns\bertada01,PF,24,SAS,67,6,12.1,1.5,3.5,.440,1.0,2.6,.399,0.5,0.9,.557,.588,0.4,0.5,.824,0.3,1.1,1.5,0.7,0.3,0.4,0.5,1.1,4.5
255,Corey Brewer\breweco01,SF,30,TOT,82,11,15.6,1.8,4.2,.422,0.3,1.4,.229,1.5,2.8,.522,.461,0.6,0.8,.735,0.4,1.6,2.0,1.2,0.7,0.2,0.7,1.6,4.5
256,C.J. Watson\watsocj01,PG,32,ORL,62,9,16.3,1.5,4.0,.387,0.5,1.7,.305,1.0,2.3,.448,.452,0.9,1.1,.864,0.3,1.2,1.4,1.8,0.7,0.0,0.8,1.4,4.5
257,Stanley Johnson\johnsst04,SF,20,DET,77,1,17.8,1.7,4.7,.353,0.6,2.0,.292,1.1,2.7,.398,.415,0.5,0.7,.679,0.5,2.0,2.5,1.4,0.7,0.3,0.9,1.6,4.4
258,Noah Vonleh\vonleno01,PF,21,POR,74,41,17.1,1.8,3.6,.481,0.1,0.3,.350,1.7,3.4,.492,.494,0.8,1.3,.638,1.8,3.5,5.2,0.4,0.4,0.4,0.9,2.1,4.4
259,Dorian Finney-Smith\finnedo01,PF,23,DAL,81,35,20.3,1.5,4.1,.372,0.7,2.4,.293,0.8,1.8,.479,.456,0.6,0.8,.754,0.7,2.1,2.7,0.8,0.6,0.3,0.6,1.5,4.3
260,Jason Terry\terryja01,SG,39,MIL,74,0,18.4,1.4,3.3,.432,1.0,2.3,.427,0.4,1.0,.444,.582,0.3,0.4,.828,0.2,1.2,1.4,1.3,0.6,0.3,0.5,1.3,4.1
261,Patrick McCaw\mccawpa01,SG,21,GSW,71,20,15.1,1.5,3.5,.433,0.6,1.7,.333,0.9,1.7,.533,.516,0.4,0.5,.784,0.3,1.1,1.4,1.1,0.5,0.2,0.5,0.9,4.0
262,Kris Dunn\dunnkr01,PG,22,MIN,78,7,17.1,1.5,4.0,.377,0.3,0.9,.288,1.2,3.1,.404,.411,0.5,0.8,.610,0.3,1.8,2.1,2.4,1.0,0.5,1.1,2.3,3.8
263,Jonas Jerebko\jerebjo01,PF,29,BOS,78,6,15.8,1.5,3.4,.435,0.6,1.7,.346,0.9,1.7,.523,.521,0.3,0.5,.703,0.8,2.7,3.5,0.9,0.3,0.2,0.5,1.6,3.8
264,Tyus Jones\jonesty01,PG,20,MIN,60,0,12.9,1.3,3.0,.414,0.4,1.2,.356,0.8,1.8,.454,.486,0.6,0.7,.767,0.2,1.0,1.1,2.6,0.8,0.1,0.6,0.8,3.5
265,Kyle Anderson\anderky01,SF,23,SAS,72,14,14.2,1.3,2.9,.445,0.2,0.6,.375,1.1,2.3,.462,.481,0.6,0.8,.789,0.5,2.4,2.9,1.3,0.7,0.4,0.5,0.9,3.4
266,Lavoy Allen\allenla01,PF,27,IND,61,5,14.3,1.3,2.8,.458,0.0,0.0,.000,1.3,2.7,.461,.458,0.4,0.5,.697,1.7,1.9,3.6,0.9,0.3,0.4,0.5,1.3,2.9
267,Semaj Christon\chrisse01,PG,24,OKC,64,1,15.2,1.2,3.5,.345,0.2,1.0,.190,1.0,2.5,.406,.372,0.3,0.5,.548,0.3,1.1,1.4,2.0,0.4,0.1,0.7,1.2,2.9
268,Salah Mejri\mejrisa01,C,30,DAL,73,11,12.4,1.2,1.9,.642,0.0,0.0,.333,1.2,1.8,.649,.646,0.5,0.8,.590,1.3,2.9,4.2,0.2,0.4,0.8,0.5,2.1,2.9
269,Wesley Johnson\johnswe01,SF,29,LAC,68,3,11.9,1.1,2.9,.365,0.4,1.7,.246,0.6,1.2,.537,.438,0.2,0.3,.647,0.4,2.3,2.7,0.3,0.4,0.4,0.3,1.2,2.7
270,DeAndre Liggins\liggide01,SG,28,TOT,62,19,12.5,0.9,2.3,.387,0.3,0.7,.370,0.6,1.5,.396,.447,0.4,0.6,.625,0.3,1.4,1.7,0.9,0.8,0.2,0.7,1.3,2.5
271,Cole Aldrich\aldrico01,C,28,MIN,62,0,8.6,0.7,1.4,.523,0.0,0.0,,0.7,1.4,.523,.523,0.2,0.4,.682,0.8,1.7,2.5,0.4,0.4,0.4,0.3,1.4,1.7
